Vehicle_ID,Vehicle_Type,Vehicle_Type(int),Initial_Lane,Final_Lane,RSU1_Passing_Time,RSU2_Passing_Time,Exit_Time,Service_Time
1,Car,1,0,0,16:02:49.061,16:03:19.061,16:04:49.061,90
2,Bus,2,1,1,21:48:49.044,21:49:19.044,21:49:54.044,35
3,Truck,3,2,2,06:01:15.347,06:01:45.347,06:04:05.347,140
4,Bus,2,1,1,03:02:13.106,03:02:43.106,03:03:18.106,35
5,Car,1,0,0,07:27:30.611,07:28:00.611,07:29:30.611,90
6,Motorcycle,0,0,0,19:45:43.021,19:46:13.021,19:46:38.021,25
7,Car,1,0,0,15:45:54.681,15:46:24.681,15:47:54.681,90
8,Car,1,2,2,19:50:09.605,19:50:39.605,19:51:14.605,35
9,Motorcycle,0,3,3,08:56:46.693,08:57:16.693,08:57:36.693,20
10,Truck,3,1,1,20:13:51.698,20:14:21.698,20:16:21.698,120
11,Car,1,1,1,04:09:24.271,04:09:54.271,04:10:14.271,20
12,Motorcycle,0,1,1,14:11:26.339,14:11:56.339,14:12:06.339,10
13,Bus,2,1,1,10:46:31.001,10:47:01.001,10:47:36.001,35
14,Motorcycle,0,3,3,11:35:51.771,11:36:21.771,11:36:41.771,20
15,Bus,2,1,1,14:02:28.047,14:02:58.047,14:03:33.047,35
16,Motorcycle,0,2,2,06:14:18.468,06:14:48.468,06:15:03.468,15
17,Bus,2,1,1,15:59:26.095,15:59:56.095,16:00:31.095,35
18,Bus,2,3,3,10:27:10.381,10:27:40.381,10:29:00.381,80
19,Car,1,1,1,04:19:40.471,04:20:10.471,04:20:30.471,20
20,Car,1,3,3,06:34:20.249,06:34:50.249,06:35:40.249,50
21,Motorcycle,0,0,0,00:02:39.389,00:03:09.389,00:03:34.389,25
22,Motorcycle,0,3,3,15:12:53.878,15:13:23.878,15:13:43.878,20
23,Bus,2,2,2,22:38:06.949,22:38:36.949,22:39:46.949,70
24,Motorcycle,0,0,0,22:35:45.918,22:36:15.918,22:36:40.918,25
25,Car,1,1,1,09:23:46.802,09:24:16.802,09:24:36.802,20
26,Car,1,1,1,22:02:14.462,22:02:44.462,22:03:04.462,20
27,Motorcycle,0,2,2,21:40:39.442,21:41:09.442,21:41:24.442,15
28,Truck,3,1,1,15:42:24.325,15:42:54.325,15:44:54.325,120
29,Car,1,2,2,15:44:29.309,15:44:59.309,15:45:34.309,35
30,Motorcycle,0,2,2,18:50:44.434,18:51:14.434,18:51:29.434,15
31,Truck,3,3,3,14:47:09.421,14:47:39.421,14:49:09.421,90
32,Motorcycle,0,2,2,04:59:47.908,05:00:17.908,05:00:32.908,15
33,Car,1,1,1,04:24:15.331,04:24:45.331,04:25:05.331,20
34,Motorcycle,0,3,3,06:58:46.144,06:59:16.144,06:59:36.144,20
35,Motorcycle,0,0,0,10:39:51.388,10:40:21.388,10:40:46.388,25
36,Motorcycle,0,2,2,03:32:01.058,03:32:31.058,03:32:46.058,15
37,Motorcycle,0,0,0,01:24:30.247,01:25:00.247,01:25:25.247,25
38,Motorcycle,0,0,0,17:49:33.014,17:50:03.014,17:50:28.014,25
39,Motorcycle,0,2,2,13:08:10.416,13:08:40.416,13:08:55.416,15
40,Car,1,2,2,23:37:55.462,23:38:25.462,23:39:00.462,35
41,Motorcycle,0,0,0,19:15:15.517,19:15:45.517,19:16:10.517,25
42,Motorcycle,0,1,1,20:42:25.655,20:42:55.655,20:43:05.655,10
43,Motorcycle,0,1,1,17:30:16.285,17:30:46.285,17:30:56.285,10
44,Motorcycle,0,3,3,02:52:37.829,02:53:07.829,02:53:27.829,20
45,Motorcycle,0,3,3,11:44:17.044,11:44:47.044,11:45:07.044,20
46,Motorcycle,0,0,0,11:25:00.195,11:25:30.195,11:25:55.195,25
47,Motorcycle,0,0,0,07:30:50.009,07:31:20.009,07:31:45.009,25
48,Motorcycle,0,3,3,12:50:51.243,12:51:21.243,12:51:41.243,20
49,Motorcycle,0,0,0,13:41:31.058,13:42:01.058,13:42:26.058,25
50,Motorcycle,0,0,0,21:52:40.078,21:53:10.078,21:53:35.078,25
51,Car,1,0,0,02:51:22.425,02:51:52.425,02:53:22.425,90
52,Motorcycle,0,2,2,20:16:06.307,20:16:36.307,20:16:51.307,15
53,Truck,3,2,2,08:40:01.018,08:40:31.018,08:42:51.018,140
54,Car,1,1,1,02:55:56.831,02:56:26.831,02:56:46.831,20
55,Car,1,0,0,08:45:57.543,08:46:27.543,08:47:57.543,90
56,Motorcycle,0,2,2,12:25:36.167,12:26:06.167,12:26:21.167,15
57,Car,1,1,1,16:01:40.370,16:02:10.370,16:02:30.370,20
58,Car,1,1,1,09:25:24.201,09:25:54.201,09:26:14.201,20
59,Car,1,3,3,01:45:00.889,01:45:30.889,01:46:20.889,50
60,Bus,2,2,2,09:27:16.127,09:27:46.127,09:28:56.127,70
61,Truck,3,1,1,14:00:31.619,14:01:01.619,14:03:01.619,120
62,Motorcycle,0,2,2,11:40:27.529,11:40:57.529,11:41:12.529,15
63,Truck,3,2,2,07:27:23.289,07:27:53.289,07:30:13.289,140
64,Motorcycle,0,3,3,13:50:17.056,13:50:47.056,13:51:07.056,20
65,Car,1,3,3,01:35:49.463,01:36:19.463,01:37:09.463,50
66,Motorcycle,0,2,2,06:42:39.324,06:43:09.324,06:43:24.324,15
67,Bus,2,3,3,14:09:15.114,14:09:45.114,14:11:05.114,80
68,Truck,3,1,1,02:28:25.465,02:28:55.465,02:30:55.465,120
69,Motorcycle,0,1,1,19:26:04.852,19:26:34.852,19:26:44.852,10
70,Truck,3,3,3,06:58:51.213,06:59:21.213,07:00:51.213,90
71,Motorcycle,0,1,1,07:41:16.758,07:41:46.758,07:41:56.758,10
72,Truck,3,0,0,04:37:08.767,04:37:38.767,04:38:53.767,75
73,Motorcycle,0,2,2,16:42:11.394,16:42:41.394,16:42:56.394,15
74,Truck,3,0,0,12:40:39.920,12:41:09.920,12:42:24.920,75
75,Bus,2,1,1,23:49:17.360,23:49:47.360,23:50:22.360,35
76,Motorcycle,0,3,3,16:58:32.996,16:59:02.996,16:59:22.996,20
77,Motorcycle,0,0,0,23:30:08.297,23:30:38.297,23:31:03.297,25
78,Bus,2,3,3,16:27:57.630,16:28:27.630,16:29:47.630,80
79,Car,1,2,2,14:30:35.313,14:31:05.313,14:31:40.313,35
80,Motorcycle,0,0,0,09:57:45.008,09:58:15.008,09:58:40.008,25
81,Motorcycle,0,3,3,03:17:15.760,03:17:45.760,03:18:05.760,20
82,Motorcycle,0,0,0,01:39:33.411,01:40:03.411,01:40:28.411,25
83,Motorcycle,0,3,3,08:05:34.004,08:06:04.004,08:06:24.004,20
84,Car,1,1,1,01:05:37.087,01:06:07.087,01:06:27.087,20
85,Truck,3,2,2,01:51:02.626,01:51:32.626,01:53:52.626,140
86,Bus,2,3,3,07:07:43.439,07:08:13.439,07:09:33.439,80
87,Car,1,0,0,18:09:38.135,18:10:08.135,18:11:38.135,90
88,Car,1,0,0,13:59:37.705,14:00:07.705,14:01:37.705,90
89,Motorcycle,0,1,1,18:34:06.111,18:34:36.111,18:34:46.111,10
90,Truck,3,3,3,02:53:43.534,02:54:13.534,02:55:43.534,90
91,Motorcycle,0,0,0,17:28:49.011,17:29:19.011,17:29:44.011,25
92,Bus,2,1,1,16:34:36.568,16:35:06.568,16:35:41.568,35
93,Motorcycle,0,3,3,20:34:52.437,20:35:22.437,20:35:42.437,20
94,Motorcycle,0,3,3,12:42:23.157,12:42:53.157,12:43:13.157,20
95,Truck,3,0,0,12:43:31.118,12:44:01.118,12:45:16.118,75
96,Motorcycle,0,0,0,13:18:23.800,13:18:53.800,13:19:18.800,25
97,Car,1,0,0,20:13:30.135,20:14:00.135,20:15:30.135,90
98,Truck,3,1,1,04:12:19.085,04:12:49.085,04:14:49.085,120
99,Motorcycle,0,2,2,09:01:46.358,09:02:16.358,09:02:31.358,15
100,Motorcycle,0,1,1,17:58:06.988,17:58:36.988,17:58:46.988,10
101,Motorcycle,0,1,1,22:22:06.143,22:22:36.143,22:22:46.143,10
102,Motorcycle,0,0,0,20:04:29.184,20:04:59.184,20:05:24.184,25
103,Motorcycle,0,2,2,04:01:48.677,04:02:18.677,04:02:33.677,15
104,Bus,2,2,2,17:52:37.002,17:53:07.002,17:54:17.002,70
105,Car,1,1,1,07:36:22.532,07:36:52.532,07:37:12.532,20
106,Motorcycle,0,0,0,11:15:40.473,11:16:10.473,11:16:35.473,25
107,Motorcycle,0,2,2,23:20:31.745,23:21:01.745,23:21:16.745,15
108,Motorcycle,0,0,0,22:02:32.626,22:03:02.626,22:03:27.626,25
109,Motorcycle,0,2,2,11:43:33.904,11:44:03.904,11:44:18.904,15
110,Motorcycle,0,2,2,05:46:42.688,05:47:12.688,05:47:27.688,15
111,Bus,2,2,2,21:28:29.655,21:28:59.655,21:30:09.655,70
112,Truck,3,2,2,00:40:06.546,00:40:36.546,00:42:56.546,140
113,Motorcycle,0,3,3,09:03:05.832,09:03:35.832,09:03:55.832,20
114,Motorcycle,0,3,3,05:10:51.975,05:11:21.975,05:11:41.975,20
115,Motorcycle,0,0,0,15:42:06.979,15:42:36.979,15:43:01.979,25
116,Car,1,3,3,06:25:24.163,06:25:54.163,06:26:44.163,50
117,Car,1,2,2,20:04:06.390,20:04:36.390,20:05:11.390,35
118,Bus,2,2,2,10:09:14.317,10:09:44.317,10:10:54.317,70
119,Truck,3,3,3,11:36:51.673,11:37:21.673,11:38:51.673,90
120,Truck,3,1,1,10:23:47.636,10:24:17.636,10:26:17.636,120
121,Motorcycle,0,3,3,10:11:31.932,10:12:01.932,10:12:21.932,20
122,Motorcycle,0,3,3,06:38:53.520,06:39:23.520,06:39:43.520,20
123,Truck,3,3,3,13:27:56.760,13:28:26.760,13:29:56.760,90
124,Motorcycle,0,2,2,12:46:55.967,12:47:25.967,12:47:40.967,15
125,Car,1,2,2,13:16:44.783,13:17:14.783,13:17:49.783,35
126,Bus,2,0,0,22:41:27.884,22:41:57.884,22:43:27.884,90
127,Bus,2,1,1,09:12:56.549,09:13:26.549,09:14:01.549,35
128,Motorcycle,0,1,1,02:38:28.358,02:38:58.358,02:39:08.358,10
129,Truck,3,0,0,06:45:56.649,06:46:26.649,06:47:41.649,75
130,Car,1,1,1,10:01:30.683,10:02:00.683,10:02:20.683,20
131,Motorcycle,0,0,0,20:06:58.576,20:07:28.576,20:07:53.576,25
132,Motorcycle,0,2,2,18:10:22.337,18:10:52.337,18:11:07.337,15
133,Bus,2,2,2,00:10:00.815,00:10:30.815,00:11:40.815,70
134,Motorcycle,0,0,0,02:12:13.928,02:12:43.928,02:13:08.928,25
135,Truck,3,2,2,03:59:43.600,04:00:13.600,04:02:33.600,140
136,Car,1,0,0,10:31:13.237,10:31:43.237,10:33:13.237,90
137,Car,1,1,1,13:06:53.705,13:07:23.705,13:07:43.705,20
138,Motorcycle,0,1,1,22:20:53.413,22:21:23.413,22:21:33.413,10
139,Car,1,3,3,19:23:42.155,19:24:12.155,19:25:02.155,50
140,Motorcycle,0,2,2,06:20:56.854,06:21:26.854,06:21:41.854,15
141,Car,1,0,0,16:35:30.483,16:36:00.483,16:37:30.483,90
142,Car,1,0,0,19:22:31.966,19:23:01.966,19:24:31.966,90
143,Motorcycle,0,3,3,09:13:46.206,09:14:16.206,09:14:36.206,20
144,Motorcycle,0,3,3,12:34:19.040,12:34:49.040,12:35:09.040,20
145,Motorcycle,0,0,0,12:47:18.161,12:47:48.161,12:48:13.161,25
146,Motorcycle,0,3,3,19:12:12.729,19:12:42.729,19:13:02.729,20
147,Car,1,2,2,23:07:15.494,23:07:45.494,23:08:20.494,35
148,Motorcycle,0,1,1,14:02:18.798,14:02:48.798,14:02:58.798,10
149,Motorcycle,0,1,1,17:03:41.074,17:04:11.074,17:04:21.074,10
150,Truck,3,0,0,12:49:59.463,12:50:29.463,12:51:44.463,75
151,Motorcycle,0,0,0,00:04:07.198,00:04:37.198,00:05:02.198,25
152,Truck,3,0,0,22:03:22.471,22:03:52.471,22:05:07.471,75
153,Bus,2,3,3,15:10:41.034,15:11:11.034,15:12:31.034,80
154,Motorcycle,0,0,0,13:01:22.588,13:01:52.588,13:02:17.588,25
155,Bus,2,2,2,02:47:31.877,02:48:01.877,02:49:11.877,70
156,Motorcycle,0,3,3,00:38:23.599,00:38:53.599,00:39:13.599,20
157,Motorcycle,0,3,3,19:45:17.975,19:45:47.975,19:46:07.975,20
158,Motorcycle,0,0,0,12:48:04.142,12:48:34.142,12:48:59.142,25
159,Bus,2,0,0,01:00:03.063,01:00:33.063,01:02:03.063,90
160,Motorcycle,0,1,1,01:10:40.022,01:11:10.022,01:11:20.022,10
161,Motorcycle,0,2,2,06:24:40.394,06:25:10.394,06:25:25.394,15
162,Bus,2,3,3,06:53:22.745,06:53:52.745,06:55:12.745,80
163,Bus,2,0,0,02:09:09.832,02:09:39.832,02:11:09.832,90
164,Truck,3,3,3,12:49:30.035,12:50:00.035,12:51:30.035,90
165,Motorcycle,0,1,1,22:21:27.175,22:21:57.175,22:22:07.175,10
166,Motorcycle,0,1,1,06:40:26.608,06:40:56.608,06:41:06.608,10
167,Car,1,2,2,21:52:36.587,21:53:06.587,21:53:41.587,35
168,Car,1,0,0,18:32:05.322,18:32:35.322,18:34:05.322,90
169,Motorcycle,0,0,0,02:11:57.288,02:12:27.288,02:12:52.288,25
170,Bus,2,0,0,05:20:48.579,05:21:18.579,05:22:48.579,90
171,Truck,3,1,1,17:23:03.354,17:23:33.354,17:25:33.354,120
172,Motorcycle,0,0,0,22:40:00.818,22:40:30.818,22:40:55.818,25
173,Bus,2,3,3,12:07:26.454,12:07:56.454,12:09:16.454,80
174,Car,1,1,1,17:38:17.385,17:38:47.385,17:39:07.385,20
175,Truck,3,2,2,06:50:17.574,06:50:47.574,06:53:07.574,140
176,Motorcycle,0,3,3,09:20:52.941,09:21:22.941,09:21:42.941,20
177,Motorcycle,0,2,2,09:20:44.509,09:21:14.509,09:21:29.509,15
178,Motorcycle,0,3,3,07:58:17.576,07:58:47.576,07:59:07.576,20
179,Motorcycle,0,1,1,12:30:51.755,12:31:21.755,12:31:31.755,10
180,Truck,3,3,3,06:26:09.940,06:26:39.940,06:28:09.940,90
181,Motorcycle,0,2,2,21:36:08.642,21:36:38.642,21:36:53.642,15
182,Car,1,2,2,03:33:44.728,03:34:14.728,03:34:49.728,35
183,Motorcycle,0,2,2,02:29:22.495,02:29:52.495,02:30:07.495,15
184,Motorcycle,0,3,3,09:10:23.391,09:10:53.391,09:11:13.391,20
185,Motorcycle,0,2,2,21:43:46.712,21:44:16.712,21:44:31.712,15
186,Car,1,3,3,02:55:58.211,02:56:28.211,02:57:18.211,50
187,Motorcycle,0,0,0,17:26:11.505,17:26:41.505,17:27:06.505,25
188,Truck,3,2,2,10:47:39.379,10:48:09.379,10:50:29.379,140
189,Truck,3,2,2,12:49:52.248,12:50:22.248,12:52:42.248,140
190,Motorcycle,0,3,3,10:33:06.291,10:33:36.291,10:33:56.291,20
191,Motorcycle,0,0,0,06:48:01.722,06:48:31.722,06:48:56.722,25
192,Bus,2,1,1,22:39:19.392,22:39:49.392,22:40:24.392,35
193,Motorcycle,0,2,2,22:26:31.569,22:27:01.569,22:27:16.569,15
194,Motorcycle,0,3,3,19:36:29.326,19:36:59.326,19:37:19.326,20
195,Motorcycle,0,1,1,12:59:16.614,12:59:46.614,12:59:56.614,10
196,Motorcycle,0,3,3,10:12:36.251,10:13:06.251,10:13:26.251,20
197,Car,1,1,1,19:04:51.233,19:05:21.233,19:05:41.233,20
198,Motorcycle,0,1,1,19:16:42.861,19:17:12.861,19:17:22.861,10
199,Motorcycle,0,0,0,21:02:09.910,21:02:39.910,21:03:04.910,25
200,Motorcycle,0,1,1,05:50:48.414,05:51:18.414,05:51:28.414,10
201,Motorcycle,0,1,1,12:34:50.730,12:35:20.730,12:35:30.730,10
202,Motorcycle,0,1,1,00:29:17.701,00:29:47.701,00:29:57.701,10
203,Truck,3,2,2,13:48:08.967,13:48:38.967,13:50:58.967,140
204,Motorcycle,0,3,3,17:21:10.196,17:21:40.196,17:22:00.196,20
205,Bus,2,3,3,17:27:52.385,17:28:22.385,17:29:42.385,80
206,Car,1,2,2,13:58:06.297,13:58:36.297,13:59:11.297,35
207,Car,1,2,2,12:50:42.673,12:51:12.673,12:51:47.673,35
208,Motorcycle,0,3,3,22:46:25.600,22:46:55.600,22:47:15.600,20
209,Motorcycle,0,3,3,11:53:05.517,11:53:35.517,11:53:55.517,20
210,Car,1,1,1,02:07:49.182,02:08:19.182,02:08:39.182,20
211,Motorcycle,0,3,3,20:51:48.746,20:52:18.746,20:52:38.746,20
212,Truck,3,3,3,21:48:44.759,21:49:14.759,21:50:44.759,90
213,Car,1,2,2,18:22:07.627,18:22:37.627,18:23:12.627,35
214,Motorcycle,0,3,3,13:02:50.012,13:03:20.012,13:03:40.012,20
215,Car,1,0,0,03:18:47.456,03:19:17.456,03:20:47.456,90
216,Motorcycle,0,1,1,09:06:06.009,09:06:36.009,09:06:46.009,10
217,Motorcycle,0,2,2,02:22:03.656,02:22:33.656,02:22:48.656,15
218,Car,1,3,3,05:35:38.845,05:36:08.845,05:36:58.845,50
219,Motorcycle,0,3,3,06:24:02.014,06:24:32.014,06:24:52.014,20
220,Motorcycle,0,1,1,10:18:16.712,10:18:46.712,10:18:56.712,10
221,Motorcycle,0,2,2,04:46:31.815,04:47:01.815,04:47:16.815,15
222,Car,1,1,1,23:49:10.638,23:49:40.638,23:50:00.638,20
223,Bus,2,2,2,22:15:09.189,22:15:39.189,22:16:49.189,70
224,Truck,3,2,2,12:45:18.019,12:45:48.019,12:48:08.019,140
225,Bus,2,1,1,06:55:43.817,06:56:13.817,06:56:48.817,35
226,Truck,3,0,0,15:19:30.736,15:20:00.736,15:21:15.736,75
227,Motorcycle,0,1,1,20:32:15.126,20:32:45.126,20:32:55.126,10
228,Motorcycle,0,1,1,12:18:17.026,12:18:47.026,12:18:57.026,10
229,Motorcycle,0,3,3,05:34:22.017,05:34:52.017,05:35:12.017,20
230,Motorcycle,0,3,3,16:41:40.002,16:42:10.002,16:42:30.002,20
231,Car,1,0,0,16:19:01.184,16:19:31.184,16:21:01.184,90
232,Car,1,0,0,14:36:19.385,14:36:49.385,14:38:19.385,90
233,Truck,3,3,3,23:18:56.654,23:19:26.654,23:20:56.654,90
234,Motorcycle,0,0,0,01:18:51.430,01:19:21.430,01:19:46.430,25
235,Truck,3,0,0,01:08:04.080,01:08:34.080,01:09:49.080,75
236,Motorcycle,0,1,1,13:29:41.045,13:30:11.045,13:30:21.045,10
237,Truck,3,1,1,07:12:02.661,07:12:32.661,07:14:32.661,120
238,Bus,2,1,1,06:31:06.910,06:31:36.910,06:32:11.910,35
239,Motorcycle,0,0,0,19:06:07.470,19:06:37.470,19:07:02.470,25
240,Motorcycle,0,3,3,01:58:55.946,01:59:25.946,01:59:45.946,20
241,Car,1,0,0,11:09:43.051,11:10:13.051,11:11:43.051,90
242,Bus,2,3,3,11:57:01.117,11:57:31.117,11:58:51.117,80
243,Motorcycle,0,1,1,22:24:23.895,22:24:53.895,22:25:03.895,10
244,Motorcycle,0,1,1,02:52:58.307,02:53:28.307,02:53:38.307,10
245,Motorcycle,0,1,1,13:06:10.406,13:06:40.406,13:06:50.406,10
246,Truck,3,3,3,12:14:12.233,12:14:42.233,12:16:12.233,90
247,Truck,3,1,1,10:21:37.617,10:22:07.617,10:24:07.617,120
248,Motorcycle,0,0,0,07:34:44.612,07:35:14.612,07:35:39.612,25
249,Motorcycle,0,3,3,22:29:37.745,22:30:07.745,22:30:27.745,20
250,Motorcycle,0,2,2,13:26:56.342,13:27:26.342,13:27:41.342,15
251,Truck,3,1,1,19:56:15.281,19:56:45.281,19:58:45.281,120
252,Motorcycle,0,0,0,11:53:29.047,11:53:59.047,11:54:24.047,25
253,Car,1,3,3,21:36:09.547,21:36:39.547,21:37:29.547,50
254,Motorcycle,0,3,3,12:25:12.207,12:25:42.207,12:26:02.207,20
255,Truck,3,3,3,04:35:50.658,04:36:20.658,04:37:50.658,90
256,Bus,2,2,2,13:55:22.893,13:55:52.893,13:57:02.893,70
257,Car,1,2,2,12:44:18.526,12:44:48.526,12:45:23.526,35
258,Motorcycle,0,0,0,11:39:46.041,11:40:16.041,11:40:41.041,25
259,Bus,2,1,1,13:15:48.076,13:16:18.076,13:16:53.076,35
260,Motorcycle,0,2,2,22:16:04.511,22:16:34.511,22:16:49.511,15
261,Truck,3,2,2,05:10:24.018,05:10:54.018,05:13:14.018,140
262,Truck,3,1,1,08:47:02.614,08:47:32.614,08:49:32.614,120
263,Motorcycle,0,1,1,09:54:27.594,09:54:57.594,09:55:07.594,10
264,Motorcycle,0,3,3,22:37:54.133,22:38:24.133,22:38:44.133,20
265,Motorcycle,0,1,1,11:47:02.318,11:47:32.318,11:47:42.318,10
266,Motorcycle,0,1,1,18:19:12.524,18:19:42.524,18:19:52.524,10
267,Car,1,0,0,03:47:56.828,03:48:26.828,03:49:56.828,90
268,Bus,2,3,3,18:25:07.714,18:25:37.714,18:26:57.714,80
269,Truck,3,0,0,15:21:42.773,15:22:12.773,15:23:27.773,75
270,Motorcycle,0,2,2,21:59:33.465,22:00:03.465,22:00:18.465,15
271,Motorcycle,0,1,1,06:23:50.359,06:24:20.359,06:24:30.359,10
272,Motorcycle,0,0,0,23:05:20.700,23:05:50.700,23:06:15.700,25
273,Bus,2,1,1,07:24:30.125,07:25:00.125,07:25:35.125,35
274,Motorcycle,0,3,3,05:14:23.578,05:14:53.578,05:15:13.578,20
275,Motorcycle,0,0,0,18:23:18.423,18:23:48.423,18:24:13.423,25
276,Motorcycle,0,3,3,09:18:31.715,09:19:01.715,09:19:21.715,20
277,Car,1,1,1,21:18:00.148,21:18:30.148,21:18:50.148,20
278,Motorcycle,0,1,1,20:11:00.897,20:11:30.897,20:11:40.897,10
279,Motorcycle,0,2,2,20:56:11.540,20:56:41.540,20:56:56.540,15
280,Car,1,2,2,15:40:26.671,15:40:56.671,15:41:31.671,35
281,Motorcycle,0,2,2,08:51:58.248,08:52:28.248,08:52:43.248,15
282,Car,1,1,1,11:23:05.659,11:23:35.659,11:23:55.659,20
283,Bus,2,0,0,09:09:20.598,09:09:50.598,09:11:20.598,90
284,Truck,3,3,3,07:39:19.682,07:39:49.682,07:41:19.682,90
285,Bus,2,0,0,04:34:03.108,04:34:33.108,04:36:03.108,90
286,Motorcycle,0,3,3,20:15:15.454,20:15:45.454,20:16:05.454,20
287,Car,1,0,0,13:01:49.773,13:02:19.773,13:03:49.773,90
288,Truck,3,1,1,13:19:11.936,13:19:41.936,13:21:41.936,120
289,Motorcycle,0,0,0,02:43:36.593,02:44:06.593,02:44:31.593,25
290,Bus,2,1,1,12:11:57.306,12:12:27.306,12:13:02.306,35
291,Motorcycle,0,2,2,17:33:57.942,17:34:27.942,17:34:42.942,15
292,Motorcycle,0,0,0,16:03:56.348,16:04:26.348,16:04:51.348,25
293,Truck,3,0,0,22:35:26.427,22:35:56.427,22:37:11.427,75
294,Motorcycle,0,2,2,14:41:03.032,14:41:33.032,14:41:48.032,15
295,Truck,3,1,1,11:11:17.277,11:11:47.277,11:13:47.277,120
296,Car,1,1,1,23:58:42.627,23:59:12.627,23:59:32.627,20
297,Car,1,0,0,12:13:29.397,12:13:59.397,12:15:29.397,90
298,Motorcycle,0,3,3,00:40:51.976,00:41:21.976,00:41:41.976,20
299,Bus,2,2,2,13:54:25.003,13:54:55.003,13:56:05.003,70
300,Motorcycle,0,3,3,23:10:05.695,23:10:35.695,23:10:55.695,20
301,Motorcycle,0,1,1,14:21:14.147,14:21:44.147,14:21:54.147,10
302,Motorcycle,0,3,3,23:09:24.174,23:09:54.174,23:10:14.174,20
303,Truck,3,2,2,22:06:21.210,22:06:51.210,22:09:11.210,140
304,Motorcycle,0,2,2,16:24:34.344,16:25:04.344,16:25:19.344,15
305,Motorcycle,0,1,1,20:34:29.900,20:34:59.900,20:35:09.900,10
306,Bus,2,1,1,09:16:46.230,09:17:16.230,09:17:51.230,35
307,Bus,2,1,1,18:31:26.811,18:31:56.811,18:32:31.811,35
308,Truck,3,3,3,20:28:32.158,20:29:02.158,20:30:32.158,90
309,Motorcycle,0,3,3,07:35:10.491,07:35:40.491,07:36:00.491,20
310,Truck,3,2,2,20:16:15.455,20:16:45.455,20:19:05.455,140
311,Motorcycle,0,1,1,18:18:44.869,18:19:14.869,18:19:24.869,10
312,Bus,2,2,2,03:52:06.106,03:52:36.106,03:53:46.106,70
313,Motorcycle,0,0,0,04:33:03.048,04:33:33.048,04:33:58.048,25
314,Motorcycle,0,3,3,02:50:50.895,02:51:20.895,02:51:40.895,20
315,Car,1,2,2,13:23:29.894,13:23:59.894,13:24:34.894,35
316,Motorcycle,0,2,2,18:53:29.694,18:53:59.694,18:54:14.694,15
317,Car,1,0,0,09:43:32.886,09:44:02.886,09:45:32.886,90
318,Bus,2,1,1,02:07:27.034,02:07:57.034,02:08:32.034,35
319,Truck,3,3,3,05:29:58.422,05:30:28.422,05:31:58.422,90
320,Motorcycle,0,0,0,17:58:17.787,17:58:47.787,17:59:12.787,25
321,Motorcycle,0,1,1,07:05:57.786,07:06:27.786,07:06:37.786,10
322,Motorcycle,0,3,3,07:07:05.390,07:07:35.390,07:07:55.390,20
323,Motorcycle,0,0,0,13:37:08.053,13:37:38.053,13:38:03.053,25
324,Bus,2,2,2,15:27:02.900,15:27:32.900,15:28:42.900,70
325,Car,1,0,0,10:10:53.947,10:11:23.947,10:12:53.947,90
326,Truck,3,2,2,14:09:33.268,14:10:03.268,14:12:23.268,140
327,Motorcycle,0,3,3,05:09:58.233,05:10:28.233,05:10:48.233,20
328,Motorcycle,0,1,1,18:37:22.208,18:37:52.208,18:38:02.208,10
329,Motorcycle,0,1,1,12:23:07.262,12:23:37.262,12:23:47.262,10
330,Motorcycle,0,0,0,18:51:44.967,18:52:14.967,18:52:39.967,25
331,Motorcycle,0,1,1,01:25:47.506,01:26:17.506,01:26:27.506,10
332,Truck,3,2,2,19:44:34.367,19:45:04.367,19:47:24.367,140
333,Car,1,3,3,20:29:56.527,20:30:26.527,20:31:16.527,50
334,Car,1,0,0,12:23:03.338,12:23:33.338,12:25:03.338,90
335,Car,1,1,1,13:10:22.079,13:10:52.079,13:11:12.079,20
336,Motorcycle,0,0,0,18:24:46.323,18:25:16.323,18:25:41.323,25
337,Truck,3,0,0,17:48:37.621,17:49:07.621,17:50:22.621,75
338,Car,1,1,1,04:54:37.641,04:55:07.641,04:55:27.641,20
339,Motorcycle,0,0,0,01:15:02.213,01:15:32.213,01:15:57.213,25
340,Motorcycle,0,3,3,19:14:48.406,19:15:18.406,19:15:38.406,20
341,Truck,3,1,1,11:32:00.709,11:32:30.709,11:34:30.709,120
342,Truck,3,1,1,14:39:52.195,14:40:22.195,14:42:22.195,120
343,Motorcycle,0,1,1,03:09:57.786,03:10:27.786,03:10:37.786,10
344,Car,1,1,1,22:32:38.741,22:33:08.741,22:33:28.741,20
345,Motorcycle,0,1,1,21:00:42.342,21:01:12.342,21:01:22.342,10
346,Car,1,0,0,16:30:28.272,16:30:58.272,16:32:28.272,90
347,Motorcycle,0,0,0,10:51:20.785,10:51:50.785,10:52:15.785,25
348,Truck,3,3,3,03:41:31.840,03:42:01.840,03:43:31.840,90
349,Truck,3,0,0,01:41:49.879,01:42:19.879,01:43:34.879,75
350,Bus,2,1,1,09:39:54.037,09:40:24.037,09:40:59.037,35
351,Motorcycle,0,1,1,15:49:56.083,15:50:26.083,15:50:36.083,10
352,Car,1,3,3,12:54:19.050,12:54:49.050,12:55:39.050,50
353,Motorcycle,0,0,0,06:51:39.494,06:52:09.494,06:52:34.494,25
354,Truck,3,1,1,06:05:13.317,06:05:43.317,06:07:43.317,120
355,Motorcycle,0,2,2,22:26:09.690,22:26:39.690,22:26:54.690,15
356,Motorcycle,0,3,3,13:48:01.587,13:48:31.587,13:48:51.587,20
357,Car,1,1,1,15:38:37.685,15:39:07.685,15:39:27.685,20
358,Car,1,3,3,22:50:25.388,22:50:55.388,22:51:45.388,50
359,Motorcycle,0,3,3,06:18:24.979,06:18:54.979,06:19:14.979,20
360,Car,1,1,1,08:32:12.823,08:32:42.823,08:33:02.823,20
361,Motorcycle,0,1,1,20:22:07.129,20:22:37.129,20:22:47.129,10
362,Motorcycle,0,2,2,06:33:59.946,06:34:29.946,06:34:44.946,15
363,Motorcycle,0,0,0,06:18:09.936,06:18:39.936,06:19:04.936,25
364,Motorcycle,0,2,2,21:02:45.171,21:03:15.171,21:03:30.171,15
365,Motorcycle,0,0,0,04:36:22.256,04:36:52.256,04:37:17.256,25
366,Motorcycle,0,1,1,21:35:36.657,21:36:06.657,21:36:16.657,10
367,Truck,3,1,1,20:32:15.879,20:32:45.879,20:34:45.879,120
368,Motorcycle,0,2,2,21:47:32.723,21:48:02.723,21:48:17.723,15
369,Motorcycle,0,2,2,10:31:18.525,10:31:48.525,10:32:03.525,15
370,Motorcycle,0,1,1,22:43:24.318,22:43:54.318,22:44:04.318,10
371,Bus,2,2,2,06:11:39.163,06:12:09.163,06:13:19.163,70
372,Car,1,1,1,06:37:44.788,06:38:14.788,06:38:34.788,20
373,Car,1,3,3,18:24:23.306,18:24:53.306,18:25:43.306,50
374,Truck,3,3,3,09:09:14.811,09:09:44.811,09:11:14.811,90
375,Truck,3,3,3,04:23:06.705,04:23:36.705,04:25:06.705,90
376,Car,1,3,3,09:25:03.473,09:25:33.473,09:26:23.473,50
377,Truck,3,3,3,23:28:47.758,23:29:17.758,23:30:47.758,90
378,Motorcycle,0,1,1,04:23:17.120,04:23:47.120,04:23:57.120,10
379,Truck,3,3,3,07:44:30.550,07:45:00.550,07:46:30.550,90
380,Motorcycle,0,2,2,14:56:53.610,14:57:23.610,14:57:38.610,15
381,Motorcycle,0,0,0,21:16:24.202,21:16:54.202,21:17:19.202,25
382,Bus,2,3,3,04:11:05.987,04:11:35.987,04:12:55.987,80
383,Truck,3,0,0,00:00:54.142,00:01:24.142,00:02:39.142,75
384,Motorcycle,0,1,1,22:56:34.629,22:57:04.629,22:57:14.629,10
385,Motorcycle,0,0,0,16:07:03.996,16:07:33.996,16:07:58.996,25
386,Car,1,2,2,07:01:00.566,07:01:30.566,07:02:05.566,35
387,Truck,3,2,2,17:48:32.505,17:49:02.505,17:51:22.505,140
388,Car,1,0,0,21:51:09.709,21:51:39.709,21:53:09.709,90
389,Car,1,3,3,20:17:04.570,20:17:34.570,20:18:24.570,50
390,Car,1,3,3,05:03:54.426,05:04:24.426,05:05:14.426,50
391,Motorcycle,0,3,3,15:36:35.478,15:37:05.478,15:37:25.478,20
392,Car,1,0,0,11:53:25.034,11:53:55.034,11:55:25.034,90
393,Car,1,3,3,15:34:03.012,15:34:33.012,15:35:23.012,50
394,Motorcycle,0,2,2,17:54:36.297,17:55:06.297,17:55:21.297,15
395,Car,1,2,2,14:59:41.761,15:00:11.761,15:00:46.761,35
396,Truck,3,2,2,00:49:48.410,00:50:18.410,00:52:38.410,140
397,Bus,2,1,1,00:32:09.619,00:32:39.619,00:33:14.619,35
398,Car,1,0,0,20:00:58.886,20:01:28.886,20:02:58.886,90
399,Bus,2,2,2,15:24:56.188,15:25:26.188,15:26:36.188,70
400,Motorcycle,0,2,2,06:48:23.869,06:48:53.869,06:49:08.869,15
401,Car,1,1,1,04:25:00.758,04:25:30.758,04:25:50.758,20
402,Car,1,2,2,12:39:28.658,12:39:58.658,12:40:33.658,35
403,Motorcycle,0,0,0,10:33:12.228,10:33:42.228,10:34:07.228,25
404,Motorcycle,0,2,2,09:20:54.729,09:21:24.729,09:21:39.729,15
405,Truck,3,0,0,02:27:31.554,02:28:01.554,02:29:16.554,75
406,Motorcycle,0,2,2,22:00:18.863,22:00:48.863,22:01:03.863,15
407,Motorcycle,0,1,1,09:24:15.968,09:24:45.968,09:24:55.968,10
408,Motorcycle,0,3,3,16:02:21.891,16:02:51.891,16:03:11.891,20
409,Motorcycle,0,2,2,21:26:35.867,21:27:05.867,21:27:20.867,15
410,Motorcycle,0,0,0,23:41:05.965,23:41:35.965,23:42:00.965,25
411,Motorcycle,0,1,1,19:43:26.417,19:43:56.417,19:44:06.417,10
412,Motorcycle,0,1,1,00:04:55.524,00:05:25.524,00:05:35.524,10
413,Truck,3,3,3,01:21:45.191,01:22:15.191,01:23:45.191,90
414,Car,1,0,0,13:47:28.107,13:47:58.107,13:49:28.107,90
415,Motorcycle,0,2,2,09:10:42.475,09:11:12.475,09:11:27.475,15
416,Car,1,2,2,20:12:53.092,20:13:23.092,20:13:58.092,35
417,Truck,3,2,2,13:18:32.200,13:19:02.200,13:21:22.200,140
418,Motorcycle,0,1,1,15:36:01.617,15:36:31.617,15:36:41.617,10
419,Motorcycle,0,0,0,15:40:09.692,15:40:39.692,15:41:04.692,25
420,Truck,3,1,1,04:44:42.990,04:45:12.990,04:47:12.990,120
421,Car,1,3,3,19:36:25.215,19:36:55.215,19:37:45.215,50
422,Truck,3,3,3,15:17:10.716,15:17:40.716,15:19:10.716,90
423,Motorcycle,0,2,2,04:05:27.724,04:05:57.724,04:06:12.724,15
424,Motorcycle,0,2,2,15:16:38.861,15:17:08.861,15:17:23.861,15
425,Motorcycle,0,0,0,18:09:50.348,18:10:20.348,18:10:45.348,25
426,Motorcycle,0,1,1,06:50:03.968,06:50:33.968,06:50:43.968,10
427,Motorcycle,0,0,0,15:14:03.372,15:14:33.372,15:14:58.372,25
428,Truck,3,3,3,01:52:59.347,01:53:29.347,01:54:59.347,90
429,Truck,3,3,3,07:41:21.937,07:41:51.937,07:43:21.937,90
430,Truck,3,3,3,17:31:19.096,17:31:49.096,17:33:19.096,90
431,Truck,3,2,2,00:51:06.259,00:51:36.259,00:53:56.259,140
432,Motorcycle,0,3,3,23:29:46.203,23:30:16.203,23:30:36.203,20
433,Motorcycle,0,3,3,21:09:21.800,21:09:51.800,21:10:11.800,20
434,Car,1,1,1,17:32:44.365,17:33:14.365,17:33:34.365,20
435,Motorcycle,0,0,0,19:54:48.717,19:55:18.717,19:55:43.717,25
436,Bus,2,2,2,16:38:11.594,16:38:41.594,16:39:51.594,70
437,Motorcycle,0,0,0,21:27:15.495,21:27:45.495,21:28:10.495,25
438,Motorcycle,0,2,2,10:46:46.055,10:47:16.055,10:47:31.055,15
439,Bus,2,0,0,05:05:48.534,05:06:18.534,05:07:48.534,90
440,Truck,3,3,3,22:37:54.840,22:38:24.840,22:39:54.840,90
441,Car,1,3,3,11:54:32.441,11:55:02.441,11:55:52.441,50
442,Motorcycle,0,0,0,03:38:29.429,03:38:59.429,03:39:24.429,25
443,Bus,2,2,2,02:12:45.815,02:13:15.815,02:14:25.815,70
444,Truck,3,0,0,15:40:27.384,15:40:57.384,15:42:12.384,75
445,Car,1,0,0,19:05:21.127,19:05:51.127,19:07:21.127,90
446,Motorcycle,0,1,1,00:46:29.218,00:46:59.218,00:47:09.218,10
447,Bus,2,3,3,20:41:14.962,20:41:44.962,20:43:04.962,80
448,Motorcycle,0,2,2,04:35:25.635,04:35:55.635,04:36:10.635,15
449,Truck,3,3,3,07:06:59.833,07:07:29.833,07:08:59.833,90
450,Motorcycle,0,0,0,00:58:10.081,00:58:40.081,00:59:05.081,25
451,Truck,3,0,0,13:11:12.845,13:11:42.845,13:12:57.845,75
452,Motorcycle,0,0,0,10:15:42.662,10:16:12.662,10:16:37.662,25
453,Motorcycle,0,1,1,19:36:04.810,19:36:34.810,19:36:44.810,10
454,Motorcycle,0,1,1,06:15:56.628,06:16:26.628,06:16:36.628,10
455,Motorcycle,0,2,2,11:51:34.561,11:52:04.561,11:52:19.561,15
456,Car,1,0,0,12:58:07.736,12:58:37.736,13:00:07.736,90
457,Motorcycle,0,2,2,04:15:28.364,04:15:58.364,04:16:13.364,15
458,Truck,3,0,0,19:46:28.226,19:46:58.226,19:48:13.226,75
459,Car,1,1,1,03:21:28.438,03:21:58.438,03:22:18.438,20
460,Motorcycle,0,3,3,22:08:55.678,22:09:25.678,22:09:45.678,20
461,Motorcycle,0,2,2,10:44:54.699,10:45:24.699,10:45:39.699,15
462,Bus,2,1,1,07:07:17.694,07:07:47.694,07:08:22.694,35
463,Car,1,2,2,09:14:02.017,09:14:32.017,09:15:07.017,35
464,Motorcycle,0,0,0,13:26:51.266,13:27:21.266,13:27:46.266,25
465,Car,1,0,0,09:30:22.222,09:30:52.222,09:32:22.222,90
466,Car,1,1,1,08:29:44.621,08:30:14.621,08:30:34.621,20
467,Truck,3,1,1,22:30:59.721,22:31:29.721,22:33:29.721,120
468,Truck,3,0,0,17:26:58.795,17:27:28.795,17:28:43.795,75
469,Car,1,1,1,16:37:17.132,16:37:47.132,16:38:07.132,20
470,Motorcycle,0,0,0,18:46:35.291,18:47:05.291,18:47:30.291,25
471,Car,1,0,0,11:17:09.398,11:17:39.398,11:19:09.398,90
472,Car,1,3,3,02:45:57.106,02:46:27.106,02:47:17.106,50
473,Motorcycle,0,0,0,22:53:46.843,22:54:16.843,22:54:41.843,25
474,Truck,3,3,3,08:05:30.867,08:06:00.867,08:07:30.867,90
475,Car,1,2,2,07:35:18.206,07:35:48.206,07:36:23.206,35
476,Motorcycle,0,1,1,08:22:53.945,08:23:23.945,08:23:33.945,10
477,Car,1,0,0,10:00:47.594,10:01:17.594,10:02:47.594,90
478,Car,1,3,3,23:48:13.018,23:48:43.018,23:49:33.018,50
479,Motorcycle,0,1,1,12:04:00.170,12:04:30.170,12:04:40.170,10
480,Bus,2,0,0,04:15:56.241,04:16:26.241,04:17:56.241,90
481,Motorcycle,0,0,0,00:28:38.117,00:29:08.117,00:29:33.117,25
482,Motorcycle,0,1,1,11:22:29.655,11:22:59.655,11:23:09.655,10
483,Motorcycle,0,1,1,08:24:58.342,08:25:28.342,08:25:38.342,10
484,Bus,2,2,2,09:51:21.558,09:51:51.558,09:53:01.558,70
485,Bus,2,3,3,20:14:40.489,20:15:10.489,20:16:30.489,80
486,Motorcycle,0,2,2,20:15:31.313,20:16:01.313,20:16:16.313,15
487,Truck,3,3,3,10:35:30.577,10:36:00.577,10:37:30.577,90
488,Truck,3,0,0,09:49:23.919,09:49:53.919,09:51:08.919,75
489,Truck,3,2,2,06:50:47.051,06:51:17.051,06:53:37.051,140
490,Truck,3,0,0,13:00:00.192,13:00:30.192,13:01:45.192,75
491,Truck,3,3,3,20:15:59.661,20:16:29.661,20:17:59.661,90
492,Car,1,1,1,04:24:19.351,04:24:49.351,04:25:09.351,20
493,Car,1,1,1,15:31:39.275,15:32:09.275,15:32:29.275,20
494,Bus,2,2,2,09:40:13.308,09:40:43.308,09:41:53.308,70
495,Motorcycle,0,1,1,13:27:44.431,13:28:14.431,13:28:24.431,10
496,Motorcycle,0,1,1,20:19:47.671,20:20:17.671,20:20:27.671,10
497,Truck,3,0,0,08:12:04.363,08:12:34.363,08:13:49.363,75
498,Motorcycle,0,0,0,02:17:52.378,02:18:22.378,02:18:47.378,25
499,Motorcycle,0,2,2,01:05:08.814,01:05:38.814,01:05:53.814,15
500,Car,1,2,2,03:14:44.124,03:15:14.124,03:15:49.124,35
501,Truck,3,0,0,20:51:24.602,20:51:54.602,20:53:09.602,75
502,Motorcycle,0,3,3,16:15:05.489,16:15:35.489,16:15:55.489,20
503,Motorcycle,0,2,2,05:25:48.811,05:26:18.811,05:26:33.811,15
504,Truck,3,1,1,07:50:08.905,07:50:38.905,07:52:38.905,120
505,Car,1,2,2,05:24:15.538,05:24:45.538,05:25:20.538,35
506,Motorcycle,0,3,3,23:40:47.763,23:41:17.763,23:41:37.763,20
507,Bus,2,2,2,22:14:08.275,22:14:38.275,22:15:48.275,70
508,Motorcycle,0,2,2,08:55:53.085,08:56:23.085,08:56:38.085,15
509,Truck,3,1,1,21:52:34.309,21:53:04.309,21:55:04.309,120
510,Motorcycle,0,3,3,14:13:40.750,14:14:10.750,14:14:30.750,20
511,Car,1,0,0,08:58:34.054,08:59:04.054,09:00:34.054,90
512,Truck,3,3,3,12:32:46.514,12:33:16.514,12:34:46.514,90
513,Car,1,0,0,02:38:18.730,02:38:48.730,02:40:18.730,90
514,Car,1,3,3,00:14:55.468,00:15:25.468,00:16:15.468,50
515,Motorcycle,0,3,3,06:14:31.938,06:15:01.938,06:15:21.938,20
516,Motorcycle,0,0,0,14:14:53.852,14:15:23.852,14:15:48.852,25
517,Bus,2,1,1,02:22:39.130,02:23:09.130,02:23:44.130,35
518,Motorcycle,0,1,1,16:10:24.054,16:10:54.054,16:11:04.054,10
519,Motorcycle,0,1,1,16:56:59.481,16:57:29.481,16:57:39.481,10
520,Motorcycle,0,2,2,09:17:28.357,09:17:58.357,09:18:13.357,15
521,Truck,3,1,1,11:44:49.179,11:45:19.179,11:47:19.179,120
522,Motorcycle,0,2,2,19:33:58.269,19:34:28.269,19:34:43.269,15
523,Motorcycle,0,1,1,20:03:22.259,20:03:52.259,20:04:02.259,10
524,Truck,3,3,3,13:37:20.164,13:37:50.164,13:39:20.164,90
525,Motorcycle,0,3,3,17:19:15.473,17:19:45.473,17:20:05.473,20
526,Truck,3,3,3,20:33:12.517,20:33:42.517,20:35:12.517,90
527,Motorcycle,0,0,0,15:51:14.717,15:51:44.717,15:52:09.717,25
528,Motorcycle,0,3,3,18:05:15.503,18:05:45.503,18:06:05.503,20
529,Motorcycle,0,3,3,19:48:30.106,19:49:00.106,19:49:20.106,20
530,Motorcycle,0,1,1,08:00:19.543,08:00:49.543,08:00:59.543,10
531,Motorcycle,0,0,0,02:09:48.738,02:10:18.738,02:10:43.738,25
532,Truck,3,0,0,18:33:19.466,18:33:49.466,18:35:04.466,75
533,Bus,2,3,3,20:48:47.794,20:49:17.794,20:50:37.794,80
534,Motorcycle,0,2,2,19:00:11.552,19:00:41.552,19:00:56.552,15
535,Car,1,1,1,12:49:28.319,12:49:58.319,12:50:18.319,20
536,Motorcycle,0,0,0,22:30:00.938,22:30:30.938,22:30:55.938,25
537,Car,1,1,1,07:18:13.875,07:18:43.875,07:19:03.875,20
538,Motorcycle,0,3,3,12:07:18.295,12:07:48.295,12:08:08.295,20
539,Motorcycle,0,0,0,05:20:59.164,05:21:29.164,05:21:54.164,25
540,Motorcycle,0,3,3,13:58:22.585,13:58:52.585,13:59:12.585,20
541,Motorcycle,0,2,2,21:39:38.435,21:40:08.435,21:40:23.435,15
542,Bus,2,2,2,03:18:03.267,03:18:33.267,03:19:43.267,70
543,Car,1,2,2,20:41:25.260,20:41:55.260,20:42:30.260,35
544,Car,1,1,1,22:01:07.782,22:01:37.782,22:01:57.782,20
545,Car,1,3,3,19:34:20.362,19:34:50.362,19:35:40.362,50
546,Motorcycle,0,0,0,18:52:45.350,18:53:15.350,18:53:40.350,25
547,Bus,2,3,3,19:14:58.691,19:15:28.691,19:16:48.691,80
548,Bus,2,1,1,19:13:42.888,19:14:12.888,19:14:47.888,35
549,Motorcycle,0,0,0,17:09:10.725,17:09:40.725,17:10:05.725,25
550,Car,1,1,1,22:04:43.772,22:05:13.772,22:05:33.772,20
551,Motorcycle,0,0,0,21:41:11.307,21:41:41.307,21:42:06.307,25
552,Truck,3,0,0,06:58:50.837,06:59:20.837,07:00:35.837,75
553,Car,1,0,0,00:10:22.587,00:10:52.587,00:12:22.587,90
554,Motorcycle,0,1,1,12:13:57.474,12:14:27.474,12:14:37.474,10
555,Motorcycle,0,2,2,06:03:00.751,06:03:30.751,06:03:45.751,15
556,Bus,2,3,3,01:30:22.123,01:30:52.123,01:32:12.123,80
557,Car,1,2,2,05:51:55.692,05:52:25.692,05:53:00.692,35
558,Motorcycle,0,1,1,03:05:57.850,03:06:27.850,03:06:37.850,10
559,Bus,2,0,0,02:04:37.714,02:05:07.714,02:06:37.714,90
560,Truck,3,2,2,04:53:14.326,04:53:44.326,04:56:04.326,140
561,Car,1,3,3,11:25:15.346,11:25:45.346,11:26:35.346,50
562,Car,1,3,3,20:41:44.006,20:42:14.006,20:43:04.006,50
563,Car,1,2,2,00:59:18.178,00:59:48.178,01:00:23.178,35
564,Motorcycle,0,3,3,14:46:05.483,14:46:35.483,14:46:55.483,20
565,Motorcycle,0,1,1,07:41:46.006,07:42:16.006,07:42:26.006,10
566,Car,1,2,2,12:20:55.687,12:21:25.687,12:22:00.687,35
567,Truck,3,0,0,06:13:47.727,06:14:17.727,06:15:32.727,75
568,Motorcycle,0,1,1,17:14:44.124,17:15:14.124,17:15:24.124,10
569,Motorcycle,0,1,1,03:27:55.397,03:28:25.397,03:28:35.397,10
570,Motorcycle,0,2,2,17:48:35.453,17:49:05.453,17:49:20.453,15
571,Motorcycle,0,0,0,12:25:22.263,12:25:52.263,12:26:17.263,25
572,Car,1,0,0,07:17:30.164,07:18:00.164,07:19:30.164,90
573,Car,1,3,3,22:18:09.785,22:18:39.785,22:19:29.785,50
574,Bus,2,3,3,07:20:20.924,07:20:50.924,07:22:10.924,80
575,Bus,2,1,1,19:10:35.722,19:11:05.722,19:11:40.722,35
576,Truck,3,2,2,11:51:18.553,11:51:48.553,11:54:08.553,140
577,Bus,2,3,3,06:34:21.800,06:34:51.800,06:36:11.800,80
578,Truck,3,1,1,10:06:39.187,10:07:09.187,10:09:09.187,120
579,Truck,3,3,3,13:58:22.010,13:58:52.010,14:00:22.010,90
580,Truck,3,1,1,06:01:25.187,06:01:55.187,06:03:55.187,120
581,Car,1,0,0,03:46:33.925,03:47:03.925,03:48:33.925,90
582,Motorcycle,0,2,2,07:38:56.414,07:39:26.414,07:39:41.414,15
583,Car,1,1,1,20:38:31.354,20:39:01.354,20:39:21.354,20
584,Bus,2,1,1,00:14:20.450,00:14:50.450,00:15:25.450,35
585,Car,1,3,3,13:04:04.061,13:04:34.061,13:05:24.061,50
586,Motorcycle,0,0,0,21:42:33.641,21:43:03.641,21:43:28.641,25
587,Truck,3,1,1,13:31:15.863,13:31:45.863,13:33:45.863,120
588,Car,1,1,1,18:09:39.679,18:10:09.679,18:10:29.679,20
589,Truck,3,1,1,02:56:22.881,02:56:52.881,02:58:52.881,120
590,Motorcycle,0,0,0,02:36:15.980,02:36:45.980,02:37:10.980,25
591,Car,1,1,1,02:22:24.657,02:22:54.657,02:23:14.657,20
592,Motorcycle,0,0,0,14:52:38.380,14:53:08.380,14:53:33.380,25
593,Bus,2,1,1,00:47:40.297,00:48:10.297,00:48:45.297,35
594,Car,1,0,0,05:32:41.054,05:33:11.054,05:34:41.054,90
595,Bus,2,0,0,18:27:32.841,18:28:02.841,18:29:32.841,90
596,Car,1,3,3,06:12:22.399,06:12:52.399,06:13:42.399,50
597,Motorcycle,0,2,2,18:00:04.029,18:00:34.029,18:00:49.029,15
598,Car,1,3,3,14:45:06.749,14:45:36.749,14:46:26.749,50
599,Truck,3,1,1,04:25:11.664,04:25:41.664,04:27:41.664,120
600,Truck,3,0,0,01:18:55.396,01:19:25.396,01:20:40.396,75
601,Motorcycle,0,3,3,04:06:18.047,04:06:48.047,04:07:08.047,20
602,Motorcycle,0,0,0,00:26:24.241,00:26:54.241,00:27:19.241,25
603,Motorcycle,0,3,3,16:30:47.194,16:31:17.194,16:31:37.194,20
604,Motorcycle,0,3,3,21:36:16.962,21:36:46.962,21:37:06.962,20
605,Motorcycle,0,0,0,02:52:23.940,02:52:53.940,02:53:18.940,25
606,Motorcycle,0,0,0,01:38:32.318,01:39:02.318,01:39:27.318,25
607,Motorcycle,0,2,2,20:29:00.351,20:29:30.351,20:29:45.351,15
608,Motorcycle,0,1,1,01:25:21.742,01:25:51.742,01:26:01.742,10
609,Bus,2,3,3,20:51:40.623,20:52:10.623,20:53:30.623,80
610,Car,1,3,3,02:41:11.172,02:41:41.172,02:42:31.172,50
611,Motorcycle,0,2,2,01:04:11.527,01:04:41.527,01:04:56.527,15
612,Motorcycle,0,3,3,16:42:04.323,16:42:34.323,16:42:54.323,20
613,Motorcycle,0,3,3,22:54:22.852,22:54:52.852,22:55:12.852,20
614,Car,1,2,2,17:20:25.401,17:20:55.401,17:21:30.401,35
615,Bus,2,2,2,11:01:46.186,11:02:16.186,11:03:26.186,70
616,Bus,2,3,3,13:01:54.906,13:02:24.906,13:03:44.906,80
617,Bus,2,3,3,09:03:07.505,09:03:37.505,09:04:57.505,80
618,Bus,2,3,3,17:48:41.377,17:49:11.377,17:50:31.377,80
619,Car,1,3,3,12:43:52.714,12:44:22.714,12:45:12.714,50
620,Motorcycle,0,2,2,03:45:57.440,03:46:27.440,03:46:42.440,15
621,Motorcycle,0,2,2,22:25:50.272,22:26:20.272,22:26:35.272,15
622,Motorcycle,0,3,3,16:43:58.983,16:44:28.983,16:44:48.983,20
623,Truck,3,1,1,04:15:30.322,04:16:00.322,04:18:00.322,120
624,Motorcycle,0,0,0,10:49:47.961,10:50:17.961,10:50:42.961,25
625,Truck,3,2,2,09:01:03.626,09:01:33.626,09:03:53.626,140
626,Bus,2,1,1,17:47:45.617,17:48:15.617,17:48:50.617,35
627,Car,1,2,2,15:05:43.261,15:06:13.261,15:06:48.261,35
628,Motorcycle,0,2,2,15:49:24.016,15:49:54.016,15:50:09.016,15
629,Bus,2,0,0,02:46:24.496,02:46:54.496,02:48:24.496,90
630,Motorcycle,0,2,2,01:04:56.304,01:05:26.304,01:05:41.304,15
631,Bus,2,2,2,16:08:35.103,16:09:05.103,16:10:15.103,70
632,Motorcycle,0,1,1,23:23:43.621,23:24:13.621,23:24:23.621,10
633,Motorcycle,0,2,2,13:26:33.541,13:27:03.541,13:27:18.541,15
634,Motorcycle,0,3,3,14:39:22.626,14:39:52.626,14:40:12.626,20
635,Motorcycle,0,3,3,03:34:39.157,03:35:09.157,03:35:29.157,20
636,Truck,3,3,3,08:52:37.500,08:53:07.500,08:54:37.500,90
637,Bus,2,3,3,11:52:05.498,11:52:35.498,11:53:55.498,80
638,Motorcycle,0,0,0,01:06:00.468,01:06:30.468,01:06:55.468,25
639,Motorcycle,0,2,2,11:40:49.058,11:41:19.058,11:41:34.058,15
640,Motorcycle,0,2,2,01:14:16.152,01:14:46.152,01:15:01.152,15
641,Truck,3,1,1,19:21:59.190,19:22:29.190,19:24:29.190,120
642,Bus,2,3,3,05:13:20.218,05:13:50.218,05:15:10.218,80
643,Motorcycle,0,3,3,05:44:00.655,05:44:30.655,05:44:50.655,20
644,Motorcycle,0,1,1,19:58:28.001,19:58:58.001,19:59:08.001,10
645,Bus,2,3,3,23:35:25.832,23:35:55.832,23:37:15.832,80
646,Bus,2,3,3,09:08:41.538,09:09:11.538,09:10:31.538,80
647,Truck,3,2,2,23:33:20.326,23:33:50.326,23:36:10.326,140
648,Truck,3,0,0,11:12:02.215,11:12:32.215,11:13:47.215,75
649,Bus,2,0,0,23:09:09.845,23:09:39.845,23:11:09.845,90
650,Car,1,1,1,17:01:32.683,17:02:02.683,17:02:22.683,20
651,Motorcycle,0,1,1,13:02:44.557,13:03:14.557,13:03:24.557,10
652,Truck,3,2,2,00:34:48.016,00:35:18.016,00:37:38.016,140
653,Motorcycle,0,3,3,05:39:25.418,05:39:55.418,05:40:15.418,20
654,Bus,2,0,0,13:58:16.222,13:58:46.222,14:00:16.222,90
655,Motorcycle,0,0,0,08:11:44.062,08:12:14.062,08:12:39.062,25
656,Motorcycle,0,2,2,09:24:32.687,09:25:02.687,09:25:17.687,15
657,Motorcycle,0,3,3,18:16:00.929,18:16:30.929,18:16:50.929,20
658,Car,1,1,1,19:44:04.291,19:44:34.291,19:44:54.291,20
659,Bus,2,2,2,16:36:56.349,16:37:26.349,16:38:36.349,70
660,Motorcycle,0,2,2,08:33:13.374,08:33:43.374,08:33:58.374,15
661,Motorcycle,0,0,0,06:14:39.290,06:15:09.290,06:15:34.290,25
662,Truck,3,2,2,16:58:34.699,16:59:04.699,17:01:24.699,140
663,Car,1,1,1,11:50:09.369,11:50:39.369,11:50:59.369,20
664,Motorcycle,0,2,2,22:59:22.888,22:59:52.888,23:00:07.888,15
665,Truck,3,1,1,20:40:40.326,20:41:10.326,20:43:10.326,120
666,Truck,3,3,3,09:35:55.149,09:36:25.149,09:37:55.149,90
667,Car,1,1,1,02:46:24.757,02:46:54.757,02:47:14.757,20
668,Truck,3,3,3,22:01:36.164,22:02:06.164,22:03:36.164,90
669,Motorcycle,0,2,2,00:53:17.717,00:53:47.717,00:54:02.717,15
670,Car,1,0,0,12:16:36.497,12:17:06.497,12:18:36.497,90
671,Bus,2,0,0,15:24:15.329,15:24:45.329,15:26:15.329,90
672,Truck,3,0,0,03:14:10.009,03:14:40.009,03:15:55.009,75
673,Bus,2,3,3,01:05:59.581,01:06:29.581,01:07:49.581,80
674,Motorcycle,0,3,3,20:04:02.030,20:04:32.030,20:04:52.030,20
675,Bus,2,0,0,01:37:24.892,01:37:54.892,01:39:24.892,90
676,Bus,2,1,1,06:53:00.120,06:53:30.120,06:54:05.120,35
677,Motorcycle,0,1,1,09:08:21.355,09:08:51.355,09:09:01.355,10
678,Motorcycle,0,3,3,14:46:31.175,14:47:01.175,14:47:21.175,20
679,Motorcycle,0,1,1,10:22:27.766,10:22:57.766,10:23:07.766,10
680,Car,1,1,1,11:03:30.573,11:04:00.573,11:04:20.573,20
681,Motorcycle,0,1,1,23:01:49.436,23:02:19.436,23:02:29.436,10
682,Bus,2,1,1,08:03:52.212,08:04:22.212,08:04:57.212,35
683,Car,1,0,0,07:19:19.949,07:19:49.949,07:21:19.949,90
684,Motorcycle,0,0,0,19:03:34.473,19:04:04.473,19:04:29.473,25
685,Truck,3,1,1,12:21:40.157,12:22:10.157,12:24:10.157,120
686,Motorcycle,0,2,2,20:18:11.008,20:18:41.008,20:18:56.008,15
687,Motorcycle,0,0,0,15:29:38.123,15:30:08.123,15:30:33.123,25
688,Truck,3,1,1,12:06:21.110,12:06:51.110,12:08:51.110,120
689,Bus,2,2,2,08:27:23.729,08:27:53.729,08:29:03.729,70
690,Truck,3,3,3,19:28:48.666,19:29:18.666,19:30:48.666,90
691,Truck,3,1,1,03:32:21.348,03:32:51.348,03:34:51.348,120
692,Car,1,1,1,05:56:38.108,05:57:08.108,05:57:28.108,20
693,Motorcycle,0,1,1,15:16:51.269,15:17:21.269,15:17:31.269,10
694,Motorcycle,0,0,0,23:13:15.980,23:13:45.980,23:14:10.980,25
695,Car,1,3,3,04:21:35.190,04:22:05.190,04:22:55.190,50
696,Car,1,3,3,19:27:38.630,19:28:08.630,19:28:58.630,50
697,Bus,2,3,3,02:21:09.702,02:21:39.702,02:22:59.702,80
698,Bus,2,3,3,13:20:20.904,13:20:50.904,13:22:10.904,80
699,Motorcycle,0,0,0,22:25:32.817,22:26:02.817,22:26:27.817,25
700,Car,1,1,1,11:45:39.789,11:46:09.789,11:46:29.789,20
701,Motorcycle,0,1,1,18:31:05.200,18:31:35.200,18:31:45.200,10
702,Car,1,3,3,17:41:19.657,17:41:49.657,17:42:39.657,50
703,Motorcycle,0,3,3,22:19:12.086,22:19:42.086,22:20:02.086,20
704,Motorcycle,0,1,1,03:51:05.449,03:51:35.449,03:51:45.449,10
705,Truck,3,2,2,04:07:02.881,04:07:32.881,04:09:52.881,140
706,Car,1,0,0,10:30:18.840,10:30:48.840,10:32:18.840,90
707,Motorcycle,0,0,0,11:26:06.444,11:26:36.444,11:27:01.444,25
708,Motorcycle,0,2,2,07:54:14.508,07:54:44.508,07:54:59.508,15
709,Truck,3,3,3,01:42:14.358,01:42:44.358,01:44:14.358,90
710,Car,1,3,3,20:31:33.587,20:32:03.587,20:32:53.587,50
711,Car,1,1,1,19:32:54.868,19:33:24.868,19:33:44.868,20
712,Truck,3,0,0,20:26:21.354,20:26:51.354,20:28:06.354,75
713,Motorcycle,0,0,0,14:23:10.182,14:23:40.182,14:24:05.182,25
714,Motorcycle,0,3,3,01:25:34.339,01:26:04.339,01:26:24.339,20
715,Car,1,0,0,10:35:08.517,10:35:38.517,10:37:08.517,90
716,Car,1,1,1,21:19:47.715,21:20:17.715,21:20:37.715,20
717,Truck,3,3,3,19:41:53.549,19:42:23.549,19:43:53.549,90
718,Truck,3,0,0,15:11:55.931,15:12:25.931,15:13:40.931,75
719,Motorcycle,0,2,2,22:56:36.644,22:57:06.644,22:57:21.644,15
720,Motorcycle,0,3,3,09:34:06.821,09:34:36.821,09:34:56.821,20
721,Motorcycle,0,0,0,12:42:11.419,12:42:41.419,12:43:06.419,25
722,Bus,2,1,1,07:50:28.947,07:50:58.947,07:51:33.947,35
723,Motorcycle,0,1,1,15:41:50.047,15:42:20.047,15:42:30.047,10
724,Car,1,1,1,00:09:32.722,00:10:02.722,00:10:22.722,20
725,Motorcycle,0,1,1,19:26:02.267,19:26:32.267,19:26:42.267,10
726,Car,1,0,0,13:40:32.108,13:41:02.108,13:42:32.108,90
727,Motorcycle,0,0,0,16:35:07.677,16:35:37.677,16:36:02.677,25
728,Motorcycle,0,1,1,13:41:00.601,13:41:30.601,13:41:40.601,10
729,Motorcycle,0,0,0,11:08:44.475,11:09:14.475,11:09:39.475,25
730,Motorcycle,0,1,1,15:18:43.305,15:19:13.305,15:19:23.305,10
731,Car,1,3,3,17:52:29.921,17:52:59.921,17:53:49.921,50
732,Truck,3,0,0,10:02:29.249,10:02:59.249,10:04:14.249,75
733,Bus,2,3,3,01:27:05.102,01:27:35.102,01:28:55.102,80
734,Truck,3,3,3,17:26:58.695,17:27:28.695,17:28:58.695,90
735,Bus,2,3,3,04:41:01.932,04:41:31.932,04:42:51.932,80
736,Motorcycle,0,1,1,18:33:37.644,18:34:07.644,18:34:17.644,10
737,Bus,2,1,1,12:42:07.964,12:42:37.964,12:43:12.964,35
738,Truck,3,0,0,21:39:28.446,21:39:58.446,21:41:13.446,75
739,Motorcycle,0,3,3,21:55:00.417,21:55:30.417,21:55:50.417,20
740,Motorcycle,0,1,1,00:39:21.195,00:39:51.195,00:40:01.195,10
741,Car,1,2,2,16:47:21.474,16:47:51.474,16:48:26.474,35
742,Car,1,1,1,19:41:31.615,19:42:01.615,19:42:21.615,20
743,Motorcycle,0,3,3,12:57:01.744,12:57:31.744,12:57:51.744,20
744,Truck,3,0,0,03:05:51.474,03:06:21.474,03:07:36.474,75
745,Car,1,2,2,23:02:23.835,23:02:53.835,23:03:28.835,35
746,Car,1,3,3,09:29:04.362,09:29:34.362,09:30:24.362,50
747,Car,1,3,3,20:54:06.056,20:54:36.056,20:55:26.056,50
748,Motorcycle,0,0,0,19:58:26.702,19:58:56.702,19:59:21.702,25
749,Car,1,0,0,21:19:34.283,21:20:04.283,21:21:34.283,90
750,Car,1,2,2,11:52:22.061,11:52:52.061,11:53:27.061,35
751,Motorcycle,0,1,1,22:11:27.252,22:11:57.252,22:12:07.252,10
752,Motorcycle,0,1,1,17:28:50.590,17:29:20.590,17:29:30.590,10
753,Motorcycle,0,1,1,13:59:45.220,14:00:15.220,14:00:25.220,10
754,Motorcycle,0,0,0,00:34:43.530,00:35:13.530,00:35:38.530,25
755,Motorcycle,0,2,2,20:44:47.819,20:45:17.819,20:45:32.819,15
756,Truck,3,0,0,10:14:57.913,10:15:27.913,10:16:42.913,75
757,Motorcycle,0,1,1,14:11:08.438,14:11:38.438,14:11:48.438,10
758,Car,1,1,1,12:38:33.396,12:39:03.396,12:39:23.396,20
759,Bus,2,0,0,13:19:15.762,13:19:45.762,13:21:15.762,90
760,Motorcycle,0,2,2,12:15:35.700,12:16:05.700,12:16:20.700,15
761,Truck,3,0,0,06:47:54.972,06:48:24.972,06:49:39.972,75
762,Truck,3,0,0,12:51:12.022,12:51:42.022,12:52:57.022,75
763,Bus,2,2,2,05:08:45.982,05:09:15.982,05:10:25.982,70
764,Car,1,1,1,03:28:15.555,03:28:45.555,03:29:05.555,20
765,Motorcycle,0,2,2,08:15:25.723,08:15:55.723,08:16:10.723,15
766,Bus,2,0,0,13:04:57.855,13:05:27.855,13:06:57.855,90
767,Motorcycle,0,0,0,19:37:27.549,19:37:57.549,19:38:22.549,25
768,Motorcycle,0,1,1,07:24:11.128,07:24:41.128,07:24:51.128,10
769,Motorcycle,0,0,0,20:07:34.008,20:08:04.008,20:08:29.008,25
770,Motorcycle,0,3,3,14:20:14.748,14:20:44.748,14:21:04.748,20
771,Car,1,1,1,06:11:38.138,06:12:08.138,06:12:28.138,20
772,Bus,2,1,1,16:34:51.828,16:35:21.828,16:35:56.828,35
773,Bus,2,1,1,17:20:02.015,17:20:32.015,17:21:07.015,35
774,Truck,3,2,2,12:36:50.513,12:37:20.513,12:39:40.513,140
775,Car,1,1,1,15:27:26.973,15:27:56.973,15:28:16.973,20
776,Motorcycle,0,0,0,19:58:39.365,19:59:09.365,19:59:34.365,25
777,Car,1,0,0,08:01:44.520,08:02:14.520,08:03:44.520,90
778,Car,1,2,2,17:26:10.856,17:26:40.856,17:27:15.856,35
779,Motorcycle,0,1,1,00:25:42.470,00:26:12.470,00:26:22.470,10
780,Motorcycle,0,2,2,03:44:50.287,03:45:20.287,03:45:35.287,15
781,Truck,3,0,0,05:11:02.174,05:11:32.174,05:12:47.174,75
782,Car,1,2,2,01:57:55.283,01:58:25.283,01:59:00.283,35
783,Motorcycle,0,2,2,08:38:33.559,08:39:03.559,08:39:18.559,15
784,Truck,3,3,3,09:26:06.479,09:26:36.479,09:28:06.479,90
785,Car,1,3,3,06:01:09.287,06:01:39.287,06:02:29.287,50
786,Truck,3,2,2,20:53:33.359,20:54:03.359,20:56:23.359,140
787,Motorcycle,0,0,0,16:13:46.635,16:14:16.635,16:14:41.635,25
788,Motorcycle,0,2,2,21:46:39.789,21:47:09.789,21:47:24.789,15
789,Truck,3,0,0,22:14:25.859,22:14:55.859,22:16:10.859,75
790,Motorcycle,0,2,2,15:56:36.896,15:57:06.896,15:57:21.896,15
791,Car,1,0,0,07:47:14.749,07:47:44.749,07:49:14.749,90
792,Motorcycle,0,2,2,12:07:24.433,12:07:54.433,12:08:09.433,15
793,Bus,2,0,0,00:09:13.276,00:09:43.276,00:11:13.276,90
794,Truck,3,2,2,02:22:53.880,02:23:23.880,02:25:43.880,140
795,Motorcycle,0,0,0,20:23:40.008,20:24:10.008,20:24:35.008,25
796,Motorcycle,0,2,2,18:17:25.464,18:17:55.464,18:18:10.464,15
797,Bus,2,2,2,01:39:04.076,01:39:34.076,01:40:44.076,70
798,Truck,3,3,3,20:47:22.722,20:47:52.722,20:49:22.722,90
799,Bus,2,3,3,13:49:55.722,13:50:25.722,13:51:45.722,80
800,Car,1,1,1,13:15:43.297,13:16:13.297,13:16:33.297,20
801,Car,1,3,3,01:57:29.935,01:57:59.935,01:58:49.935,50
802,Bus,2,1,1,15:15:28.666,15:15:58.666,15:16:33.666,35
803,Truck,3,1,1,22:44:44.030,22:45:14.030,22:47:14.030,120
804,Car,1,2,2,04:38:59.320,04:39:29.320,04:40:04.320,35
805,Motorcycle,0,1,1,15:57:01.387,15:57:31.387,15:57:41.387,10
806,Truck,3,0,0,01:14:35.193,01:15:05.193,01:16:20.193,75
807,Truck,3,0,0,18:08:27.706,18:08:57.706,18:10:12.706,75
808,Truck,3,1,1,15:18:39.231,15:19:09.231,15:21:09.231,120
809,Truck,3,2,2,14:59:18.073,14:59:48.073,15:02:08.073,140
810,Motorcycle,0,2,2,02:20:44.721,02:21:14.721,02:21:29.721,15
811,Bus,2,0,0,23:55:39.646,23:56:09.646,23:57:39.646,90
812,Car,1,0,0,19:23:37.972,19:24:07.972,19:25:37.972,90
813,Car,1,2,2,15:03:19.302,15:03:49.302,15:04:24.302,35
814,Truck,3,1,1,16:17:44.865,16:18:14.865,16:20:14.865,120
815,Motorcycle,0,3,3,03:35:44.777,03:36:14.777,03:36:34.777,20
816,Truck,3,3,3,19:04:15.502,19:04:45.502,19:06:15.502,90
817,Car,1,0,0,07:13:35.242,07:14:05.242,07:15:35.242,90
818,Car,1,1,1,02:02:48.479,02:03:18.479,02:03:38.479,20
819,Bus,2,1,1,07:48:59.688,07:49:29.688,07:50:04.688,35
820,Motorcycle,0,2,2,22:06:16.084,22:06:46.084,22:07:01.084,15
821,Motorcycle,0,1,1,08:07:56.518,08:08:26.518,08:08:36.518,10
822,Motorcycle,0,0,0,01:13:38.848,01:14:08.848,01:14:33.848,25
823,Truck,3,0,0,06:45:57.274,06:46:27.274,06:47:42.274,75
824,Car,1,0,0,19:20:02.946,19:20:32.946,19:22:02.946,90
825,Motorcycle,0,2,2,01:51:53.989,01:52:23.989,01:52:38.989,15
826,Truck,3,3,3,21:57:47.510,21:58:17.510,21:59:47.510,90
827,Car,1,2,2,08:08:35.681,08:09:05.681,08:09:40.681,35
828,Car,1,2,2,14:49:16.048,14:49:46.048,14:50:21.048,35
829,Motorcycle,0,1,1,15:21:05.858,15:21:35.858,15:21:45.858,10
830,Bus,2,1,1,17:41:40.114,17:42:10.114,17:42:45.114,35
831,Bus,2,0,0,09:39:58.966,09:40:28.966,09:41:58.966,90
832,Truck,3,0,0,04:10:31.763,04:11:01.763,04:12:16.763,75
833,Bus,2,3,3,04:33:15.326,04:33:45.326,04:35:05.326,80
834,Motorcycle,0,0,0,07:30:05.757,07:30:35.757,07:31:00.757,25
835,Truck,3,1,1,22:57:28.254,22:57:58.254,22:59:58.254,120
836,Motorcycle,0,3,3,21:02:54.862,21:03:24.862,21:03:44.862,20
837,Bus,2,0,0,21:49:02.008,21:49:32.008,21:51:02.008,90
838,Motorcycle,0,0,0,23:54:09.116,23:54:39.116,23:55:04.116,25
839,Truck,3,2,2,03:33:14.324,03:33:44.324,03:36:04.324,140
840,Motorcycle,0,2,2,13:32:13.532,13:32:43.532,13:32:58.532,15
841,Truck,3,1,1,10:14:22.742,10:14:52.742,10:16:52.742,120
842,Car,1,3,3,01:47:32.836,01:48:02.836,01:48:52.836,50
843,Car,1,0,0,19:21:33.794,19:22:03.794,19:23:33.794,90
844,Car,1,3,3,07:13:41.494,07:14:11.494,07:15:01.494,50
845,Motorcycle,0,1,1,20:25:46.041,20:26:16.041,20:26:26.041,10
846,Motorcycle,0,0,0,01:25:40.361,01:26:10.361,01:26:35.361,25
847,Truck,3,0,0,12:56:36.150,12:57:06.150,12:58:21.150,75
848,Bus,2,3,3,23:08:52.426,23:09:22.426,23:10:42.426,80
849,Truck,3,0,0,19:20:24.228,19:20:54.228,19:22:09.228,75
850,Bus,2,3,3,00:06:40.211,00:07:10.211,00:08:30.211,80
851,Car,1,2,2,03:16:33.331,03:17:03.331,03:17:38.331,35
852,Bus,2,0,0,13:30:49.318,13:31:19.318,13:32:49.318,90
853,Truck,3,0,0,08:32:46.187,08:33:16.187,08:34:31.187,75
854,Motorcycle,0,0,0,20:28:40.547,20:29:10.547,20:29:35.547,25
855,Car,1,1,1,10:33:35.268,10:34:05.268,10:34:25.268,20
856,Car,1,2,2,02:28:32.312,02:29:02.312,02:29:37.312,35
857,Car,1,3,3,22:33:21.431,22:33:51.431,22:34:41.431,50
858,Motorcycle,0,0,0,11:10:57.166,11:11:27.166,11:11:52.166,25
859,Motorcycle,0,3,3,09:22:36.186,09:23:06.186,09:23:26.186,20
860,Motorcycle,0,1,1,18:24:02.133,18:24:32.133,18:24:42.133,10
861,Truck,3,3,3,20:06:03.523,20:06:33.523,20:08:03.523,90
862,Motorcycle,0,2,2,19:07:42.273,19:08:12.273,19:08:27.273,15
863,Truck,3,3,3,10:07:23.722,10:07:53.722,10:09:23.722,90
864,Truck,3,1,1,04:34:54.102,04:35:24.102,04:37:24.102,120
865,Bus,2,0,0,14:55:56.058,14:56:26.058,14:57:56.058,90
866,Bus,2,1,1,19:51:59.495,19:52:29.495,19:53:04.495,35
867,Car,1,2,2,22:29:05.085,22:29:35.085,22:30:10.085,35
868,Motorcycle,0,3,3,20:31:05.120,20:31:35.120,20:31:55.120,20
869,Truck,3,0,0,14:50:41.143,14:51:11.143,14:52:26.143,75
870,Motorcycle,0,3,3,05:38:13.690,05:38:43.690,05:39:03.690,20
871,Car,1,2,2,08:31:50.911,08:32:20.911,08:32:55.911,35
872,Bus,2,1,1,23:23:40.787,23:24:10.787,23:24:45.787,35
873,Motorcycle,0,3,3,08:18:55.659,08:19:25.659,08:19:45.659,20
874,Car,1,3,3,23:12:44.786,23:13:14.786,23:14:04.786,50
875,Motorcycle,0,2,2,18:56:23.690,18:56:53.690,18:57:08.690,15
876,Car,1,0,0,13:26:15.154,13:26:45.154,13:28:15.154,90
877,Car,1,2,2,04:37:34.904,04:38:04.904,04:38:39.904,35
878,Car,1,3,3,09:52:14.975,09:52:44.975,09:53:34.975,50
879,Truck,3,2,2,03:07:35.486,03:08:05.486,03:10:25.486,140
880,Truck,3,1,1,12:04:11.129,12:04:41.129,12:06:41.129,120
881,Bus,2,0,0,20:48:24.059,20:48:54.059,20:50:24.059,90
882,Motorcycle,0,0,0,05:05:05.674,05:05:35.674,05:06:00.674,25
883,Motorcycle,0,1,1,08:38:48.944,08:39:18.944,08:39:28.944,10
884,Bus,2,0,0,08:47:16.689,08:47:46.689,08:49:16.689,90
885,Bus,2,3,3,02:25:13.450,02:25:43.450,02:27:03.450,80
886,Bus,2,1,1,12:32:41.484,12:33:11.484,12:33:46.484,35
887,Motorcycle,0,2,2,10:07:41.448,10:08:11.448,10:08:26.448,15
888,Motorcycle,0,3,3,20:22:53.488,20:23:23.488,20:23:43.488,20
889,Bus,2,0,0,12:41:14.550,12:41:44.550,12:43:14.550,90
890,Motorcycle,0,3,3,08:21:44.900,08:22:14.900,08:22:34.900,20
891,Bus,2,1,1,03:19:22.610,03:19:52.610,03:20:27.610,35
892,Bus,2,2,2,07:29:22.343,07:29:52.343,07:31:02.343,70
893,Motorcycle,0,0,0,11:32:40.946,11:33:10.946,11:33:35.946,25
894,Motorcycle,0,0,0,10:31:08.088,10:31:38.088,10:32:03.088,25
895,Bus,2,2,2,04:16:08.999,04:16:38.999,04:17:48.999,70
896,Motorcycle,0,3,3,19:14:41.884,19:15:11.884,19:15:31.884,20
897,Motorcycle,0,0,0,04:56:14.701,04:56:44.701,04:57:09.701,25
898,Car,1,3,3,13:19:03.475,13:19:33.475,13:20:23.475,50
899,Bus,2,1,1,09:43:28.404,09:43:58.404,09:44:33.404,35
900,Motorcycle,0,1,1,20:55:23.433,20:55:53.433,20:56:03.433,10
901,Motorcycle,0,1,1,04:02:00.258,04:02:30.258,04:02:40.258,10
902,Motorcycle,0,0,0,20:30:02.809,20:30:32.809,20:30:57.809,25
903,Car,1,2,2,21:41:06.806,21:41:36.806,21:42:11.806,35
904,Truck,3,0,0,08:25:56.731,08:26:26.731,08:27:41.731,75
905,Truck,3,1,1,12:34:44.524,12:35:14.524,12:37:14.524,120
906,Truck,3,3,3,14:13:12.457,14:13:42.457,14:15:12.457,90
907,Motorcycle,0,0,0,19:03:52.304,19:04:22.304,19:04:47.304,25
908,Car,1,1,1,20:33:16.395,20:33:46.395,20:34:06.395,20
909,Motorcycle,0,1,1,02:54:56.208,02:55:26.208,02:55:36.208,10
910,Car,1,1,1,16:02:44.972,16:03:14.972,16:03:34.972,20
911,Car,1,1,1,04:29:55.777,04:30:25.777,04:30:45.777,20
912,Truck,3,0,0,23:51:56.732,23:52:26.732,23:53:41.732,75
913,Bus,2,3,3,10:11:02.390,10:11:32.390,10:12:52.390,80
914,Motorcycle,0,3,3,09:42:57.659,09:43:27.659,09:43:47.659,20
915,Bus,2,3,3,19:38:26.406,19:38:56.406,19:40:16.406,80
916,Car,1,3,3,09:20:49.389,09:21:19.389,09:22:09.389,50
917,Motorcycle,0,1,1,00:02:23.802,00:02:53.802,00:03:03.802,10
918,Car,1,2,2,14:57:24.420,14:57:54.420,14:58:29.420,35
919,Truck,3,1,1,11:18:08.857,11:18:38.857,11:20:38.857,120
920,Motorcycle,0,0,0,11:31:26.244,11:31:56.244,11:32:21.244,25
921,Motorcycle,0,3,3,04:11:57.975,04:12:27.975,04:12:47.975,20
922,Truck,3,2,2,11:46:53.909,11:47:23.909,11:49:43.909,140
923,Motorcycle,0,0,0,09:03:26.906,09:03:56.906,09:04:21.906,25
924,Motorcycle,0,3,3,22:58:01.918,22:58:31.918,22:58:51.918,20
925,Motorcycle,0,3,3,09:32:10.782,09:32:40.782,09:33:00.782,20
926,Truck,3,2,2,06:18:05.435,06:18:35.435,06:20:55.435,140
927,Car,1,3,3,04:13:51.970,04:14:21.970,04:15:11.970,50
928,Car,1,3,3,01:24:37.142,01:25:07.142,01:25:57.142,50
929,Truck,3,0,0,14:36:39.913,14:37:09.913,14:38:24.913,75
930,Truck,3,0,0,19:12:46.522,19:13:16.522,19:14:31.522,75
931,Motorcycle,0,3,3,03:23:11.838,03:23:41.838,03:24:01.838,20
932,Motorcycle,0,0,0,00:53:35.931,00:54:05.931,00:54:30.931,25
933,Bus,2,1,1,20:17:20.656,20:17:50.656,20:18:25.656,35
934,Car,1,3,3,17:09:37.991,17:10:07.991,17:10:57.991,50
935,Truck,3,0,0,07:18:19.633,07:18:49.633,07:20:04.633,75
936,Motorcycle,0,2,2,19:52:41.647,19:53:11.647,19:53:26.647,15
937,Truck,3,3,3,22:30:02.673,22:30:32.673,22:32:02.673,90
938,Motorcycle,0,0,0,03:03:00.832,03:03:30.832,03:03:55.832,25
939,Motorcycle,0,1,1,06:23:15.679,06:23:45.679,06:23:55.679,10
940,Motorcycle,0,1,1,16:11:40.719,16:12:10.719,16:12:20.719,10
941,Car,1,1,1,20:06:05.998,20:06:35.998,20:06:55.998,20
942,Truck,3,1,1,08:43:15.221,08:43:45.221,08:45:45.221,120
943,Motorcycle,0,3,3,13:55:55.694,13:56:25.694,13:56:45.694,20
944,Car,1,2,2,08:13:13.363,08:13:43.363,08:14:18.363,35
945,Motorcycle,0,1,1,21:34:10.945,21:34:40.945,21:34:50.945,10
946,Bus,2,2,2,02:48:00.671,02:48:30.671,02:49:40.671,70
947,Motorcycle,0,0,0,11:26:32.165,11:27:02.165,11:27:27.165,25
948,Bus,2,2,2,04:31:36.879,04:32:06.879,04:33:16.879,70
949,Car,1,1,1,09:30:18.051,09:30:48.051,09:31:08.051,20
950,Motorcycle,0,2,2,02:08:12.646,02:08:42.646,02:08:57.646,15
951,Motorcycle,0,0,0,06:45:14.551,06:45:44.551,06:46:09.551,25
952,Bus,2,3,3,14:05:02.988,14:05:32.988,14:06:52.988,80
953,Car,1,1,1,21:11:05.458,21:11:35.458,21:11:55.458,20
954,Car,1,0,0,04:59:11.401,04:59:41.401,05:01:11.401,90
955,Car,1,0,0,08:06:31.661,08:07:01.661,08:08:31.661,90
956,Bus,2,2,2,10:29:56.734,10:30:26.734,10:31:36.734,70
957,Car,1,2,2,01:05:17.245,01:05:47.245,01:06:22.245,35
958,Truck,3,1,1,01:38:29.380,01:38:59.380,01:40:59.380,120
959,Motorcycle,0,3,3,03:34:43.944,03:35:13.944,03:35:33.944,20
960,Motorcycle,0,2,2,16:31:54.926,16:32:24.926,16:32:39.926,15
961,Truck,3,1,1,13:21:32.987,13:22:02.987,13:24:02.987,120
962,Car,1,0,0,22:26:47.088,22:27:17.088,22:28:47.088,90
963,Car,1,3,3,17:16:05.469,17:16:35.469,17:17:25.469,50
964,Car,1,3,3,04:36:01.483,04:36:31.483,04:37:21.483,50
965,Motorcycle,0,2,2,12:56:24.142,12:56:54.142,12:57:09.142,15
966,Truck,3,3,3,17:33:25.098,17:33:55.098,17:35:25.098,90
967,Bus,2,0,0,02:45:24.139,02:45:54.139,02:47:24.139,90
968,Bus,2,3,3,14:53:51.674,14:54:21.674,14:55:41.674,80
969,Motorcycle,0,2,2,07:38:16.093,07:38:46.093,07:39:01.093,15
970,Motorcycle,0,1,1,20:01:52.357,20:02:22.357,20:02:32.357,10
971,Motorcycle,0,1,1,00:37:56.485,00:38:26.485,00:38:36.485,10
972,Car,1,1,1,15:47:05.363,15:47:35.363,15:47:55.363,20
973,Bus,2,0,0,02:26:21.648,02:26:51.648,02:28:21.648,90
974,Truck,3,0,0,06:58:21.557,06:58:51.557,07:00:06.557,75
975,Motorcycle,0,1,1,20:33:04.193,20:33:34.193,20:33:44.193,10
976,Motorcycle,0,1,1,00:58:49.215,00:59:19.215,00:59:29.215,10
977,Motorcycle,0,1,1,23:47:38.928,23:48:08.928,23:48:18.928,10
978,Car,1,0,0,17:55:01.503,17:55:31.503,17:57:01.503,90
979,Motorcycle,0,0,0,00:30:53.790,00:31:23.790,00:31:48.790,25
980,Truck,3,2,2,00:58:11.096,00:58:41.096,01:01:01.096,140
981,Bus,2,1,1,18:58:02.743,18:58:32.743,18:59:07.743,35
982,Motorcycle,0,2,2,21:18:47.045,21:19:17.045,21:19:32.045,15
983,Motorcycle,0,3,3,16:58:17.298,16:58:47.298,16:59:07.298,20
984,Motorcycle,0,0,0,14:11:15.143,14:11:45.143,14:12:10.143,25
985,Bus,2,0,0,21:26:19.613,21:26:49.613,21:28:19.613,90
986,Motorcycle,0,0,0,21:14:18.263,21:14:48.263,21:15:13.263,25
987,Truck,3,1,1,13:23:19.969,13:23:49.969,13:25:49.969,120
988,Bus,2,0,0,02:44:59.401,02:45:29.401,02:46:59.401,90
989,Truck,3,3,3,10:29:49.083,10:30:19.083,10:31:49.083,90
990,Truck,3,3,3,02:45:38.772,02:46:08.772,02:47:38.772,90
991,Motorcycle,0,1,1,16:22:36.239,16:23:06.239,16:23:16.239,10
992,Truck,3,0,0,10:01:12.949,10:01:42.949,10:02:57.949,75
993,Motorcycle,0,1,1,14:40:05.769,14:40:35.769,14:40:45.769,10
994,Motorcycle,0,2,2,11:26:54.681,11:27:24.681,11:27:39.681,15
995,Truck,3,3,3,12:01:48.845,12:02:18.845,12:03:48.845,90
996,Bus,2,1,1,16:14:39.308,16:15:09.308,16:15:44.308,35
997,Motorcycle,0,1,1,20:32:58.826,20:33:28.826,20:33:38.826,10
998,Motorcycle,0,1,1,01:25:06.638,01:25:36.638,01:25:46.638,10
999,Motorcycle,0,0,0,22:13:41.478,22:14:11.478,22:14:36.478,25
1000,Motorcycle,0,3,3,04:01:01.230,04:01:31.230,04:01:51.230,20
